maturity,rate
1,0.022477148421
2,0.023517295137000002
3,0.024100448758000003
5,0.025621842246
7,0.027447318959000003
10,0.029980538023999997
15,0.032934729782
20,0.034438580596
30,0.034688513558
